{"cameraMode":{"drawMode":0,"name":"Shaded","section":"Shading Mode"},"sceneLighting":true,"audioPlay":false,"sceneViewState":{"showFog":true,"showMaterialUpdate":false,"showSkybox":true,"showFlares":true,"showImageEffects":true,"showParticleSystems":true},"in2DMode":false,"pivot":{"x":-2.9464540481567385,"y":1.8854137659072877,"z":0.08764801919460297},"rotation":{"x":-0.052184004336595538,"y":0.4917409420013428,"z":0.029538890346884729,"w":0.8686802983283997},"size":9.84844970703125,"orthographic":true}